<rss version="2.0" xmlns:atom="http://www.w3.org/2005/Atom">
  <channel>
	<title>Hezekiah&#39;s Web Site</title>
	<link>http://192.168.1.26:1313/</link>
	<description>Recent content in Hezekiah’s Web Site on Hezekiah&#39;s Web Site</description>
	<generator>Hugo -- gohugo.io</generator>
	<language>en-us</language>
	<lastBuildDate>Wed, 20 Aug 2025 13:47:13 -0700</lastBuildDate>
    
        <atom:link href="http://192.168.1.26:1313/index.xml" rel="self" type="application/rss+xml" />
	
	
	</channel>
</rss>
