<rss version="2.0" xmlns:atom="http://www.w3.org/2005/Atom">
  <channel>
	<title>Hezekiah&#39;s Web Site</title>
	<link>http://192.168.1.26:1313/radio/qsl/</link>
	<description>Recent content in QSL on Hezekiah&#39;s Web Site</description>
	<generator>Hugo -- gohugo.io</generator>
	<language>en-us</language>
	<lastBuildDate>Fri, 26 Sep 2025 14:46:59 -0700</lastBuildDate>
    
        <atom:link href="http://192.168.1.26:1313/radio/qsl/index.xml" rel="self" type="application/rss+xml" />
	
	
	<item>
		<title>RCC Resources</title>
		<link>http://192.168.1.26:1313/academic/myre/</link>
		<pubDate>Wed, 01 Oct 2025 00:03:26 -0700</pubDate>
		
		<guid>http://192.168.1.26:1313/academic/myre/</guid>
		<description>&lt;p&gt;This page is for my personal connivence, resources I use for my school. This page does not contain links to private or privileged information, non-free course materials, or any Questions or Answers from my coursework, pursuant to RCC policies.&lt;/p&gt;
&lt;h2 id=&#34;general&#34;&gt;General&lt;/h2&gt;
&lt;ul&gt;
&lt;li&gt;&lt;a href=&#34;https://rouguecc.edu/&#34;&gt;School website&lt;/a&gt;&lt;/li&gt;
&lt;li&gt;&lt;a href=&#34;https://myrogue.roguecc.edu/&#34;&gt;MyRogue Portal&lt;/a&gt;&lt;/li&gt;
&lt;li&gt;&lt;a href=&#34;https://roguecc.blackboard.com/&#34;&gt;Blackboard&lt;/a&gt;&lt;/li&gt;
&lt;/ul&gt;
&lt;h2 id=&#34;classes&#34;&gt;Classes&lt;/h2&gt;
&lt;h1 id=&#34;econ&#34;&gt;Econ&lt;/h1&gt;
</description>
	</item>
	
	</channel>
</rss>
